White Granite Round Folding Table,https://www.homedepot.com/p/Lifetime-White-Granite-Round-Folding-Table-25402/202736535
4 ft. One Hand Adjustable Height Fold-in-Half Resin Table; Almond,https://www.homedepot.com/p/Lifetime-4-ft-One-Hand-Adjustable-Height-Fold-in-Half-Resin-Table-Almond-80943/322152748
8 ft. Fold-in-Half Table Almond,https://www.homedepot.com/p/Lifetime-8-ft-Fold-in-Half-Table-Almond-80732/305551874
6 ft. Fold-in-Half Table: Almond,https://www.homedepot.com/p/Lifetime-6-ft-Fold-in-Half-Table-Almond-80454/205825870
4 ft. One Hand Adjustable Height Fold-in-Half Resin Table; Almond,https://www.homedepot.com/p/Lifetime-4-ft-One-Hand-Adjustable-Height-Fold-in-Half-Resin-Table-Almond-80943/322152748
6 ft. Fold-in-Half Table: Almond,https://www.homedepot.com/p/Lifetime-6-ft-Fold-in-Half-Table-Almond-80454/205825870
8 ft. Fold-in-Half Table Almond,https://www.homedepot.com/p/Lifetime-8-ft-Fold-in-Half-Table-Almond-80732/305551874
8 ft. Fold-in-Half Table Almond,https://www.homedepot.com/p/Lifetime-8-ft-Fold-in-Half-Table-Almond-80732/305551874
6 ft. Gray Nesting Resin Folding Table (Commercial),https://www.homedepot.com/p/Lifetime-6-ft-Gray-Nesting-Resin-Folding-Table-Commercial-80817/324845760
White Granite Round Folding Table,https://www.homedepot.com/p/Lifetime-White-Granite-Round-Folding-Table-25402/202736535
White Granite Round Folding Table,https://www.homedepot.com/p/Lifetime-White-Granite-Round-Folding-Table-25402/202736535
8 ft. Fold-in-Half Table Almond,https://www.homedepot.com/p/Lifetime-8-ft-Fold-in-Half-Table-Almond-80732/305551874
Samsung Galaxy A15 A155M 128GB Dual-SIM GSM Unlocked Android Smartphone (Latin America Version) - Blue Black About this item Warranty & Support Feedback,https://www.amazon.com/Samsung-SM-155M-DSN-Unlocked-International/dp/B0CSB14R7J/ref=sr_1_1?dib=eyJ2IjoiMSJ9.jq_9gFUh-GtR1Z3FPE774u9KEZdebHVihYsYdxJre3zc03e2XliLpzyYWlTdu7CTlySL_1ZNre3H5HRWv1AhDbU3ySz9djmFZV94YO_KZIw_9qb4lTW--XnNHixapeHih554N4pOWr2ZDoQBJV62iAO4IEaUDiARm7k2izHnQ3MbmxEe_292gEXgnvMId112m-q-nxEe22s_DurYr1_dYyRRoef_xG0a6I4Iow8-SRk.I55fXD9J9MLhS9wkBzP3x7koGGs7BXkNKi4igYS9AgY&dib_tag=se&keywords=smartphones&qid=1735924493&sr=8-1&th=1
White Granite Round Folding Table,https://www.homedepot.com/p/Lifetime-White-Granite-Round-Folding-Table-25402/202736535
8 ft. White Gray Sand Granite Plastic Top Folding Banquet Table (Commercial),https://www.homedepot.com/p/Lifetime-8-ft-White-Gray-Sand-Granite-Plastic-Top-Folding-Banquet-Table-Commercial-22980/322437114
6 ft. Earth Tan Folding Resin Table,https://www.homedepot.com/p/HDX-6-ft-Earth-Tan-Folding-Resin-Table-TA3072FX03/206409234

Nike Zoom Vomero 5,https://www.nike.com/t/zoom-vomero-5-mens-shoes-Fm8pscV6/HV2527-001
"Motorola g45 5G (Brilliant Blue, 128 GB) (4 GB RAM)",https://www.flipkart.com/motorola-g45-5g-brilliant-blue-128-gb/p/itm62ccd431c9e5e?pid=MOBH3YKQQDZZ2WZH&lid=LSTMOBH3YKQQDZZ2WZHGOH35A&marketplace=FLIPKART&q=smartphones&store=tyy%2F4io&srno=s_1_20&otracker=search&iid=e8450355-58da-4aa4-b43f-a5aa7620ac1f.MOBH3YKQQDZZ2WZH.SEARCH&ssid=9sgs38ce1s0000001736014669602&qH=6ea4465d0add4685
JBL Endurance Peak II - Waterproof true wireless sport earbuds - Black,https://www.walmart.com/ip/JBL-Endurance-Peak-II-Waterproof-True-Wireless-Sport-Earbuds/462587109?classType=VARIANT&adsRedirect=true
"HP 14"" Touchscreen Chromebook - Intel Pentium N200 - 4GB RAM - 128GB SSD Storage - Silver (14a-nf0012tg)",https://www.target.com/p/hp-14-34-touchscreen-chromebook-intel-n200-4gb-ram-128gb-ssd-storage-silver-14a-nf0012tg/-/A-91188095
No product name found,https://www.ebay.com/itm/365312802039?_skw=smartphones&itmmeta=01JGSBTGM0PKT9RR0QE524WR4R&hash=item550e56fcf7:g:D1EAAOSwDvRmRB8K&itmprp=enc%3AAQAJAAAA4HoV3kP08IDx%2BKZ9MfhVJKkr1cuBg0Di67q4VJLdCrxU3ZXWhIMbZKgREcH%2F3X0BOdp%2BIHotULnHQ2WWBZR%2FgIsFly2%2FnVh8qlozbShXyHHcyqGjipOqAeiyx3W8NDQz6yY1zUpO3hrA9cvD7pvblwKlkH82GRviPBzwIrNQX8lh8a%2BXHicDpQJhRe8P%2BvkiUbkmKYPOkoMvI6Sku8bRicIAwOkp9FAP2v--iaEYsiPn%2FmRI2jMNUnmMGNumu6yzZ77GlyyJso8x1OZWXecBhoDPjafcctsOTe7YPwlhaBKp%7Ctkp%3ABFBMjorqq4Zl
No product name found,https://www.myntra.com/tshirts/rare+rabbit/rare-rabbit-men-divide-regular-fit-polo-collar-cotton-t-shirt/23862048/buy
"HP 14"" Touchscreen Chromebook - Intel Pentium N200 - 4GB RAM - 128GB SSD Storage - Silver (14a-nf0012tg)",https://www.target.com/p/hp-14-34-touchscreen-chromebook-intel-n200-4gb-ram-128gb-ssd-storage-silver-14a-nf0012tg/-/A-91188095
